{"loss": [19.263614654541016, 8.471787452697754, 3.8112521171569824, 2.0839881896972656, 1.4068739414215088, 1.065063238143921, 0.9168562889099121, 0.8270310163497925, 0.7678618431091309, 0.7194259762763977, 0.6666251420974731, 0.6374832391738892, 0.6148969531059265, 0.5945616364479065, 0.5843641757965088, 0.5653401017189026, 0.5486764907836914, 0.5268539786338806, 0.5179606080055237, 0.5209349393844604, 0.5129385590553284, 0.49882879853248596, 0.5123645663261414, 0.5076806545257568, 0.5000706315040588, 0.4767678380012512, 0.5175427794456482, 0.4954065680503845, 0.484580934047699, 0.48189833760261536, 0.46831199526786804, 0.45485633611679077, 0.5373289585113525, 0.5361400842666626, 0.4999037981033325, 0.5048536062240601, 0.48540011048316956, 0.4788992702960968, 0.4571072459220886, 0.4453994631767273], "accuracy": [0.571223258972168, 0.5251398086547852, 0.6318845748901367, 0.6752777099609375, 0.6389741897583008, 0.6838655471801758, 0.7075595855712891, 0.7261238098144531, 0.7511911392211914, 0.7463264465332031, 0.7704582214355469, 0.7730121612548828, 0.7841482162475586, 0.7913551330566406, 0.7912149429321289, 0.7968769073486328, 0.8050651550292969, 0.811279296875, 0.8132991790771484, 0.8098716735839844, 0.8152694702148438, 0.8210849761962891, 0.8134899139404297, 0.8135318756103516, 0.823094367980957, 0.8286867141723633, 0.8105297088623047, 0.8224639892578125, 0.8189105987548828, 0.8264942169189453, 0.831049919128418, 0.8357315063476562, 0.7990255355834961, 0.8035526275634766, 0.8232927322387695, 0.8143863677978516, 0.8172140121459961, 0.8317155838012695, 0.8341331481933594, 0.833348274230957], "val_loss": [17.1717529296875, 5.608461856842041, 3.2570343017578125, 2.186676263809204, 1.4166302680969238, 1.272371768951416, 1.135857343673706, 1.0466265678405762, 0.9582557082176208, 0.8953408598899841, 0.8301395177841187, 0.815330445766449, 0.7546492218971252, 0.7347031831741333, 0.7421387434005737, 0.7026689052581787, 0.6829220056533813, 0.6717858910560608, 0.6570961475372314, 0.687992513179779, 0.6486093401908875, 0.617092490196228, 0.691241443157196, 0.6385608911514282, 0.5868197679519653, 0.6268329620361328, 0.6829469203948975, 0.5858215689659119, 0.6651859283447266, 0.5685642957687378, 0.5567585229873657, 0.6901448965072632, 0.5656237602233887, 0.6105551719665527, 0.568276047706604, 0.5845829248428345, 0.5810242891311646, 0.5376204252243042, 0.543244481086731, 0.5524289011955261], "val_accuracy": [0.24872207641601562, 0.654205322265625, 0.6534309387207031, 0.6019706726074219, 0.6327629089355469, 0.6415824890136719, 0.6677360534667969, 0.7159080505371094, 0.7122154235839844, 0.7390708923339844, 0.743011474609375, 0.7596397399902344, 0.7595024108886719, 0.750396728515625, 0.7682075500488281, 0.7719230651855469, 0.7777442932128906, 0.779266357421875, 0.7810211181640625, 0.7817459106445312, 0.7890281677246094, 0.7924613952636719, 0.7801971435546875, 0.7963790893554688, 0.7983169555664062, 0.8035469055175781, 0.7874107360839844, 0.7996253967285156, 0.7889785766601562, 0.8080024719238281, 0.8121566772460938, 0.7954788208007812, 0.797607421875, 0.7937049865722656, 0.8042144775390625, 0.7943267822265625, 0.8084716796875, 0.8100242614746094, 0.8108062744140625, 0.8111839294433594]}